"Product ID","Product Name","Price per unit"
"P10001","Product-1","60"
"P10002","Product-2","114"
"P10003","Product-3","39"
"P10004","Product-4","84"
"P10005","Product-5","44"
"P10006","Product-6","113"
"P10007","Product-7","145"
"P10008","Product-8","68"
"P10009","Product-9","73"
"P10010","Product-10","55"
"P10011","Product-11","23"
"P10012","Product-12","88"
"P10013","Product-13","97"
"P10014","Product-14","150"
"P10015","Product-15","122"
"P10016","Product-16","92"
"P10017","Product-17","116"
"P10018","Product-18","29"
"P10019","Product-19","79"
"P10020","Product-20","70"
"P10021","Product-21","141"
"P10022","Product-22","87"
"P10023","Product-23","23"
"P10024","Product-24","68"
"P10025","Product-25","85"
"P10026","Product-26","110"
"P10027","Product-27","139"
"P10028","Product-28","107"
"P10029","Product-29","129"
"P10030","Product-30","20"
